win_id,start,end,sum_splus,sum_sminus,diff
0,0,5,0.0,0.0,0.0
1,6,11,19.9999998430511,20.0,-1.5694890009854134e-07
2,12,17,0.0,0.0,0.0
3,18,23,0.0,0.0,0.0
